,lat,long,elevation
0,-85.5,-180.0,2550.59619140625
1,-85.5,-169.71429,2602.250732421875
2,-85.5,-159.42857,297.3237609863281
3,-85.5,-149.14286,328.6073913574219
4,-85.5,-138.85714,759.119873046875
5,-85.5,-128.57143,1384.443969726562
6,-85.5,-118.28571,2226.110595703125
7,-85.5,-108.0,2371.905517578125
8,-85.5,-97.71429,1972.67431640625
9,-85.5,-87.42857,1803.9287109375
10,-85.5,-77.14286,1292.942138671875
11,-85.5,-66.85714,1434.348388671875
12,-85.5,-56.57143,1668.232299804688
13,-85.5,-46.28571,1761.751953125
14,-85.5,-36.0,1966.286254882812
15,-85.5,-25.71429,2164.357666015625
16,-85.5,-15.42857,2431.5732421875
17,-85.5,-5.14286,2556.45068359375
18,-85.5,5.14286,2634.736328125
19,-85.5,15.42857,2700.369384765625
20,-85.5,25.71429,2776.844970703125
21,-85.5,36.0,3039.116455078125
22,-85.5,46.28571,3232.7314453125
23,-85.5,56.57143,3317.525390625
24,-85.5,66.85714,3359.62890625
25,-85.5,77.14286,3337.655029296875
26,-85.5,87.42857,3284.9091796875
27,-85.5,97.71429,3203.47802734375
28,-85.5,108.0,3105.674560546875
29,-85.5,118.28571,3039.080078125
30,-85.5,128.57143,2953.281982421875
31,-85.5,138.85714,2844.082275390625
32,-85.5,149.14286,2768.4140625
33,-85.5,159.42857,2543.5947265625
34,-85.5,169.71429,2143.686767578125
35,-76.5,-174.85714,-562.9716186523438
36,-76.5,-164.57143,-551.262939453125
37,-76.5,-154.28571,-576.7374877929688
38,-76.5,-144.0,819.467041015625
39,-76.5,-133.71429,2175.878662109375
40,-76.5,-123.42857,2237.81689453125
41,-76.5,-113.14286,1313.516845703125
42,-76.5,-102.85714,1188.42578125
43,-76.5,-92.57143,1256.813598632812
44,-76.5,-82.28571,886.826904296875
45,-76.5,-72.0,388.8965454101562
46,-76.5,-61.71429,64.01715087890625
47,-76.5,-51.42857,-364.6000366210938
48,-76.5,-41.14286,-440.56005859375
49,-76.5,-30.85714,-342.2111511230469
50,-76.5,-20.57143,1507.264892578125
51,-76.5,-10.28571,2209.669189453125
52,-76.5,0.0,2678.375
53,-76.5,10.28571,3199.112548828125
54,-76.5,20.57143,3480.903564453125
55,-76.5,30.85714,3701.125732421875
56,-76.5,41.14286,3717.529296875
57,-76.5,51.42857,3369.5546875
58,-76.5,61.71429,2692.6435546875
59,-76.5,72.0,2547.398193359375
60,-76.5,82.28571,3251.40625
61,-76.5,92.57143,3718.406005859375
62,-76.5,102.85714,3539.9873046875
63,-76.5,113.14286,3317.56640625
64,-76.5,123.42857,3160.25048828125
65,-76.5,133.71429,2854.3486328125
66,-76.5,144.0,2562.844970703125
67,-76.5,154.28571,2292.835205078125
68,-76.5,164.57143,-661.4402465820312
69,-76.5,174.85714,-457.3089294433594
70,-67.5,-180.0,-1721.0
71,-67.5,-169.71429,-4049.266845703125
72,-67.5,-159.42857,-3806.055908203125
73,-67.5,-149.14286,-4014.369873046875
74,-67.5,-138.85714,-3912.432861328125
75,-67.5,-128.57143,-4358.2958984375
76,-67.5,-118.28571,-4450.97119140625
77,-67.5,-108.0,-4364.0
78,-67.5,-97.71429,-4552.0869140625
79,-67.5,-87.42857,-4228.77099609375
80,-67.5,-77.14286,-3259.42724609375
81,-67.5,-66.85714,194.9317474365234
82,-67.5,-56.57143,-649.9720458984375
83,-67.5,-46.28571,-3892.743896484375
84,-67.5,-36.0,-4532.0
85,-67.5,-25.71429,-4782.85693359375
86,-67.5,-15.42857,-4878.314453125
87,-67.5,-5.14286,-4761.8291015625
88,-67.5,5.14286,-4354.6875
89,-67.5,15.42857,-4031.343017578125
90,-67.5,25.71429,-4088.141357421875
91,-67.5,36.0,-3024.800048828125
92,-67.5,46.28571,76.17963409423828
93,-67.5,56.57143,904.4340209960938
94,-67.5,66.85714,-99.3993148803711
95,-67.5,77.14286,-306.2855529785156
96,-67.5,87.42857,1054.880126953125
97,-67.5,97.71429,1641.506103515625
98,-67.5,108.0,1416.061889648438
99,-67.5,118.28571,591.3526611328125
100,-67.5,128.57143,1056.801879882812
101,-67.5,138.85714,1630.823364257812
102,-67.5,149.14286,-511.68603515625
103,-67.5,159.42857,-2452.8291015625
104,-67.5,169.71429,-3057.858154296875
105,-58.5,-174.85714,-5096.37255859375
106,-58.5,-164.57143,-4455.8857421875
107,-58.5,-154.28571,-3375.34423828125
108,-58.5,-144.0,-3429.199951171875
109,-58.5,-133.71429,-3904.52490234375
110,-58.5,-123.42857,-4440.38330078125
111,-58.5,-113.14286,-5326.99462890625
112,-58.5,-102.85714,-4571.6474609375
113,-58.5,-92.57143,-5177.818359375
114,-58.5,-82.28571,-4405.52734375
115,-58.5,-72.0,-3981.199951171875
116,-58.5,-61.71429,-3939.112060546875
117,-58.5,-51.42857,-3691.8564453125
118,-58.5,-41.14286,-3108.701416015625
119,-58.5,-30.85714,-3347.308349609375
120,-58.5,-20.57143,-3856.326904296875
121,-58.5,-10.28571,-3931.490478515625
122,-58.5,0.0,-4369.39990234375
123,-58.5,10.28571,-5081.0859375
124,-58.5,20.57143,-4729.4990234375
125,-58.5,30.85714,-5411.8857421875
126,-58.5,41.14286,-5187.72509765625
127,-58.5,51.42857,-5263.228515625
128,-58.5,61.71429,-4952.83935546875
129,-58.5,72.0,-4287.43994140625
130,-58.5,82.28571,-1904.086791992188
131,-58.5,92.57143,-4535.33740234375
132,-58.5,102.85714,-4307.02783203125
133,-58.5,113.14286,-4574.84619140625
134,-58.5,123.42857,-4571.828125
135,-58.5,133.71429,-4535.68603515625
136,-58.5,144.0,-3782.159912109375
137,-58.5,154.28571,-3401.0576171875
138,-58.5,164.57143,-4595.07666015625
139,-58.5,174.85714,-5156.6416015625
140,-49.5,-180.0,-2315.800048828125
141,-49.5,-169.71429,-5161.37548828125
142,-49.5,-159.42857,-4930.04541015625
143,-49.5,-149.14286,-4254.41650390625
144,-49.5,-138.85714,-4611.7412109375
145,-49.5,-128.57143,-4071.714111328125
146,-49.5,-118.28571,-2921.354736328125
147,-49.5,-108.0,-3705.280029296875
148,-49.5,-97.71429,-4243.38623046875
149,-49.5,-87.42857,-4307.84619140625
150,-49.5,-77.14286,-3637.817626953125
151,-49.5,-66.85714,-92.73702239990234
152,-49.5,-56.57143,-603.5191650390625
153,-49.5,-46.28571,-4826.93212890625
154,-49.5,-36.0,-4916.16015625
155,-49.5,-25.71429,-4671.0546875
156,-49.5,-15.42857,-3829.2548828125
157,-49.5,-5.14286,-3449.88720703125
158,-49.5,5.14286,-3281.49560546875
159,-49.5,15.42857,-4369.45068359375
160,-49.5,25.71429,-4955.42529296875
161,-49.5,36.0,-4606.68017578125
162,-49.5,46.28571,-4421.013671875
163,-49.5,56.57143,-4240.279296875
164,-49.5,66.85714,-1252.516357421875
165,-49.5,77.14286,-3327.800048828125
166,-49.5,87.42857,-4121.068359375
167,-49.5,97.71429,-3311.781005859375
168,-49.5,108.0,-3488.760009765625
169,-49.5,118.28571,-3398.027099609375
170,-49.5,128.57143,-3699.456787109375
171,-49.5,138.85714,-3215.460205078125
172,-49.5,149.14286,-4014.43115234375
173,-49.5,159.42857,-4739.939453125
174,-49.5,169.71429,-655.279541015625
175,-40.5,-174.85714,-4060.99365234375
176,-40.5,-164.57143,-5208.0712890625
177,-40.5,-154.28571,-4942.84619140625
178,-40.5,-144.0,-5334.7998046875
179,-40.5,-133.71429,-4901.35302734375
180,-40.5,-123.42857,-3741.200439453125
181,-40.5,-113.14286,-3063.16650390625
182,-40.5,-102.85714,-4060.40087890625
183,-40.5,-92.57143,-3158.045166015625
184,-40.5,-82.28571,-4290.0205078125
185,-40.5,-72.0,1099.119995117188
186,-40.5,-61.71429,-26.09694290161133
187,-40.5,-51.42857,-5485.91455078125
188,-40.5,-41.14286,-5169.85693359375
189,-40.5,-30.85714,-4613.7998046875
190,-40.5,-20.57143,-3715.40625
191,-40.5,-10.28571,-3335.82275390625
192,-40.5,0.0,-4745.2001953125
193,-40.5,10.28571,-4702.0400390625
194,-40.5,20.57143,-5397.88427734375
195,-40.5,30.85714,-4694.06591796875
196,-40.5,41.14286,-2945.009521484375
197,-40.5,51.42857,-4031.3408203125
198,-40.5,61.71429,-5132.69921875
199,-40.5,72.0,-4136.43994140625
200,-40.5,82.28571,-3017.8662109375
201,-40.5,92.57143,-3340.054443359375
202,-40.5,102.85714,-4311.201171875
203,-40.5,113.14286,-4560.4541015625
204,-40.5,123.42857,-5030.61083984375
205,-40.5,133.71429,-5246.1787109375
206,-40.5,144.0,-67.68000030517578
207,-40.5,154.28571,-4651.6015625
208,-40.5,164.57143,-3477.78857421875
209,-40.5,174.85714,-99.94295501708984
210,-31.5,-180.0,-3092.60009765625
211,-31.5,-169.71429,-5499.138671875
212,-31.5,-159.42857,-5023.35400390625
213,-31.5,-149.14286,-4661.89208984375
214,-31.5,-138.85714,-4101.37744140625
215,-31.5,-128.57143,-3526.113525390625
216,-31.5,-118.28571,-3557.9443359375
217,-31.5,-108.0,-3324.784423828125
218,-31.5,-97.71429,-3509.31689453125
219,-31.5,-87.42857,-3716.742919921875
220,-31.5,-77.14286,-4120.486328125
221,-31.5,-66.85714,459.1036987304688
222,-31.5,-56.57143,165.2334899902344
223,-31.5,-46.28571,-3502.09814453125
224,-31.5,-36.0,-1922.0
225,-31.5,-25.71429,-4299.60791015625
226,-31.5,-15.42857,-3354.008056640625
227,-31.5,-5.14286,-4400.32470703125
228,-31.5,5.14286,-5095.1728515625
229,-31.5,15.42857,-1167.1513671875
230,-31.5,25.71429,1212.040771484375
231,-31.5,36.0,-2582.639892578125
232,-31.5,46.28571,-2424.591064453125
233,-31.5,56.57143,-5019.63916015625
234,-31.5,66.85714,-4617.86669921875
235,-31.5,77.14286,-3070.37255859375
236,-31.5,87.42857,-1733.882690429688
237,-31.5,97.71429,-2427.22021484375
238,-31.5,108.0,-5291.16015625
239,-31.5,118.28571,346.5293579101562
240,-31.5,128.57143,116.8857879638672
241,-31.5,138.85714,377.0273132324219
242,-31.5,149.14286,578.1345825195312
243,-31.5,159.42857,-1871.702514648438
244,-31.5,169.71429,-3927.873779296875
245,-22.5,-174.85714,-4347.9462890625
246,-22.5,-164.57143,-5157.9716796875
247,-22.5,-154.28571,-4541.57568359375
248,-22.5,-144.0,-4306.7998046875
249,-22.5,-133.71429,-3546.14697265625
250,-22.5,-123.42857,-3776.94287109375
251,-22.5,-113.14286,-3546.832275390625
252,-22.5,-102.85714,-3994.28515625
253,-22.5,-92.57143,-3811.82763671875
254,-22.5,-82.28571,-3063.660400390625
255,-22.5,-72.0,-3994.0
256,-22.5,-61.71429,214.9431304931641
257,-22.5,-51.42857,418.5720520019531
258,-22.5,-41.14286,-51.34295654296875
259,-22.5,-30.85714,-5117.88720703125
260,-22.5,-20.57143,-5241.11328125
261,-22.5,-10.28571,-4099.14697265625
262,-22.5,0.0,-5409.0
263,-22.5,10.28571,-3949.031982421875
264,-22.5,20.57143,1207.714233398438
265,-22.5,30.85714,361.5962829589844
266,-22.5,41.14286,-3188.693359375
267,-22.5,51.42857,-4913.1416015625
268,-22.5,61.71429,-4049.50341796875
269,-22.5,72.0,-4087.39990234375
270,-22.5,82.28571,-5154.078125
271,-22.5,92.57143,-4867.3154296875
272,-22.5,102.85714,-5630.70556640625
273,-22.5,113.14286,-1269.199096679688
274,-22.5,123.42857,344.4286804199219
275,-22.5,133.71429,574.3142700195312
276,-22.5,144.0,286.6000061035156
277,-22.5,154.28571,-914.129150390625
278,-22.5,164.57143,-3521.600341796875
279,-22.5,174.85714,-4268.29638671875
280,-13.5,-180.0,-1528.800048828125
281,-13.5,-169.71429,-4875.8212890625
282,-13.5,-159.42857,-5144.23388671875
283,-13.5,-149.14286,-4617.3994140625
284,-13.5,-138.85714,-3905.0234375
285,-13.5,-128.57143,-3881.285400390625
286,-13.5,-118.28571,-3594.625732421875
287,-13.5,-108.0,-3534.080078125
288,-13.5,-97.71429,-3733.688232421875
289,-13.5,-87.42857,-4068.99951171875
290,-13.5,-77.14286,-1515.041137695312
291,-13.5,-66.85714,166.6398162841797
292,-13.5,-56.57143,342.4456787109375
293,-13.5,-46.28571,831.5791625976562
294,-13.5,-36.0,-4371.83984375
295,-13.5,-25.71429,-5077.4462890625
296,-13.5,-15.42857,-3218.918701171875
297,-13.5,-5.14286,-3928.819091796875
298,-13.5,5.14286,-5511.08544921875
299,-13.5,15.42857,1605.85791015625
300,-13.5,25.71429,1246.427734375
301,-13.5,36.0,695.4000244140625
302,-13.5,46.28571,-3434.041259765625
303,-13.5,56.57143,-4456.36572265625
304,-13.5,66.85714,-3593.353515625
305,-13.5,77.14286,-5358.37109375
306,-13.5,87.42857,-4467.2119140625
307,-13.5,97.71429,-5015.40234375
308,-13.5,108.0,-4652.0
309,-13.5,118.28571,-5693.25244140625
310,-13.5,128.57143,-64.22855377197266
311,-13.5,138.85714,-60.34861373901367
312,-13.5,149.14286,-4443.5419921875
313,-13.5,159.42857,-3249.539306640625
314,-13.5,169.71429,-3387.75732421875
315,-4.5,-174.85714,-5349.98828125
316,-4.5,-164.57143,-3490.485595703125
317,-4.5,-154.28571,-3790.691650390625
318,-4.5,-144.0,-4675.7998046875
319,-4.5,-133.71429,-4582.474609375
320,-4.5,-123.42857,-4325.65673828125
321,-4.5,-113.14286,-4085.219482421875
322,-4.5,-102.85714,-3373.32763671875
323,-4.5,-92.57143,-3827.66845703125
324,-4.5,-82.28571,-3855.919189453125
325,-4.5,-72.0,113.2399978637695
326,-4.5,-61.71429,50.63989639282227
327,-4.5,-51.42857,169.3711547851562
328,-4.5,-41.14286,460.1234741210938
329,-4.5,-30.85714,-4768.419921875
330,-4.5,-20.57143,-4842.10986328125
331,-4.5,-10.28571,-3721.06298828125
332,-4.5,0.0,-4976.7998046875
333,-4.5,10.28571,-2440.250732421875
334,-4.5,20.57143,450.0464782714844
335,-4.5,30.85714,1162.890991210938
336,-4.5,41.14286,-1844.904296875
337,-4.5,51.42857,-4919.02783203125
338,-4.5,61.71429,-3545.391357421875
339,-4.5,72.0,-3338.760009765625
340,-4.5,82.28571,-4651.16748046875
341,-4.5,92.57143,-4963.474609375
342,-4.5,102.85714,-38.86498260498047
343,-4.5,113.14286,-41.64563751220703
344,-4.5,123.42857,-5207.9453125
345,-4.5,133.71429,-1586.18359375
346,-4.5,144.0,24.8799991607666
347,-4.5,154.28571,-1159.722778320312
348,-4.5,164.57143,-2390.03173828125
349,-4.5,174.85714,-5225.8017578125
350,4.5,-180.0,-5449.39990234375
351,4.5,-169.71429,-5725.517578125
352,4.5,-159.42857,-3656.660400390625
353,4.5,-149.14286,-4960.33544921875
354,4.5,-138.85714,-4318.7734375
355,4.5,-128.57143,-4430.314453125
356,4.5,-118.28571,-4422.158203125
357,4.5,-108.0,-3850.159912109375
358,4.5,-97.71429,-3474.27978515625
359,4.5,-87.42857,-1676.162231445312
360,4.5,-77.14286,66.57231903076172
361,4.5,-66.85714,825.8207397460938
362,4.5,-56.57143,120.8454666137695
363,4.5,-46.28571,-3572.0888671875
364,4.5,-36.0,-3851.360107421875
365,4.5,-25.71429,-4091.16943359375
366,4.5,-15.42857,-4932.4853515625
367,4.5,-5.14286,-2656.879150390625
368,4.5,5.14286,-164.0382690429688
369,4.5,15.42857,649.2676391601562
370,4.5,25.71429,628.9430541992188
371,4.5,36.0,369.8800048828125
372,4.5,46.28571,178.8688354492188
373,4.5,56.57143,-4172.16455078125
374,4.5,66.85714,-3650.55810546875
375,4.5,77.14286,-3195.6240234375
376,4.5,87.42857,-4045.108642578125
377,4.5,97.71429,86.06234741210938
378,4.5,108.0,-41.36000061035156
379,4.5,118.28571,41.44686508178711
380,4.5,128.57143,-6164.02001953125
381,4.5,138.85714,-4192.07666015625
382,4.5,149.14286,-3822.51904296875
383,4.5,159.42857,-3861.291015625
384,4.5,169.71429,-4357.21484375
385,13.5,-174.85714,-5187.42578125
386,13.5,-164.57143,-5314.7548828125
387,13.5,-154.28571,-5451.2275390625
388,13.5,-144.0,-5081.0
389,13.5,-133.71429,-4879.95849609375
390,13.5,-123.42857,-4463.2060546875
391,13.5,-113.14286,-3946.948486328125
392,13.5,-102.85714,-3161.30615234375
393,13.5,-92.57143,-5526.3046875
394,13.5,-82.28571,-31.1943302154541
395,13.5,-72.0,-3281.52001953125
396,13.5,-61.71429,-2950.069091796875
397,13.5,-51.42857,-5162.77099609375
398,13.5,-41.14286,-4881.82568359375
399,13.5,-30.85714,-5710.81494140625
400,13.5,-20.57143,-4522.13134765625
401,13.5,-10.28571,265.0525207519531
402,13.5,0.0,286.0
403,13.5,10.28571,352.1407165527344
404,13.5,20.57143,476.3659362792969
405,13.5,30.85714,471.7889404296875
406,13.5,41.14286,54.23068618774414
407,13.5,51.42857,-2192.533203125
408,13.5,61.71429,-4218.119140625
409,13.5,72.0,-1164.199951171875
410,13.5,82.28571,-3373.09716796875
411,13.5,92.57143,-330.4582214355469
412,13.5,102.85714,16.25722694396973
413,13.5,113.14286,-3641.436279296875
414,13.5,123.42857,114.7358245849609
415,13.5,133.71429,-4797.6767578125
416,13.5,144.0,-2918.796875
417,13.5,154.28571,-6059.3134765625
418,13.5,164.57143,-2523.5390625
419,13.5,174.85714,-5527.720703125
420,22.5,-180.0,-5114.0
421,22.5,-169.71429,-4646.203125
422,22.5,-159.42857,-2737.9033203125
423,22.5,-149.14286,-5339.3984375
424,22.5,-138.85714,-4976.20166015625
425,22.5,-128.57143,-4536.85693359375
426,22.5,-118.28571,-4097.1103515625
427,22.5,-108.0,-2983.84326171875
428,22.5,-97.71429,-26.74227142333984
429,22.5,-87.42857,-46.14289855957031
430,22.5,-77.14286,-4.0
431,22.5,-66.85714,-5649.6025390625
432,22.5,-56.57143,-6202.10009765625
433,22.5,-46.28571,-3773.8369140625
434,22.5,-36.0,-5479.7998046875
435,22.5,-25.71429,-5253.14306640625
436,22.5,-15.42857,214.1144256591797
437,22.5,-5.14286,252.0005645751953
438,22.5,5.14286,981.9163818359375
439,22.5,15.42857,943.0278930664062
440,22.5,25.71429,801.2811279296875
441,22.5,36.0,62.0
442,22.5,46.28571,856.5158081054688
443,22.5,56.57143,210.2287445068359
444,22.5,66.85714,-1374.881958007812
445,22.5,77.14286,292.0057678222656
446,22.5,87.42857,23.21530342102051
447,22.5,97.71429,843.771484375
448,22.5,108.0,125.8000030517578
449,22.5,118.28571,-69.1986312866211
450,22.5,128.57143,-4045.0087890625
451,22.5,138.85714,-4797.076171875
452,22.5,149.14286,-5712.48486328125
453,22.5,159.42857,-4922.88671875
454,22.5,169.71429,-5887.5732421875
455,31.5,-174.85714,-5831.1474609375
456,31.5,-164.57143,-4855.2412109375
457,31.5,-154.28571,-5481.14111328125
458,31.5,-144.0,-5864.81298828125
459,31.5,-133.71429,-4688.01123046875
460,31.5,-123.42857,-4103.38916015625
461,31.5,-113.14286,143.6385650634766
462,31.5,-102.85714,779.294189453125
463,31.5,-92.57143,35.55473709106445
464,31.5,-82.28571,48.08792114257812
465,31.5,-72.0,-5406.0
466,31.5,-61.71429,-4727.14990234375
467,31.5,-51.42857,-5459.28515625
468,31.5,-41.14286,-2149.51904296875
469,31.5,-30.85714,-4375.3125
470,31.5,-20.57143,-4830.40625
471,31.5,-10.28571,-683.5932006835938
472,31.5,0.0,691.4000244140625
473,31.5,10.28571,445.2394104003906
474,31.5,20.57143,148.4682464599609
475,31.5,30.85714,-23.93292236328125
476,31.5,41.14286,549.1765747070312
477,31.5,51.42857,2750.400146484375
478,31.5,61.71429,493.53173828125
479,31.5,72.0,171.9177093505859
480,31.5,82.28571,4859.05224609375
481,31.5,92.57143,4565.5556640625
482,31.5,102.85714,4087.0205078125
483,31.5,113.14286,273.5103454589844
484,31.5,123.42857,-34.81140899658203
485,31.5,133.71429,-4883.982421875
486,31.5,144.0,-5828.39990234375
487,31.5,154.28571,-5713.7705078125
488,31.5,164.57143,-5935.81689453125
489,31.5,174.85714,-5103.25634765625
490,40.5,-180.0,-5743.60009765625
491,40.5,-169.71429,-5752.42626953125
492,40.5,-159.42857,-5255.35595703125
493,40.5,-149.14286,-4808.3828125
494,40.5,-138.85714,-4309.58056640625
495,40.5,-128.57143,-3205.866943359375
496,40.5,-118.28571,1312.300048828125
497,40.5,-108.0,1904.251708984375
498,40.5,-97.71429,507.2056884765625
499,40.5,-87.42857,224.9891357421875
500,40.5,-77.14286,220.9230346679688
501,40.5,-66.85714,-1640.395751953125
502,40.5,-56.57143,-5178.9658203125
503,40.5,-46.28571,-4352.17626953125
504,40.5,-36.0,-4279.47998046875
505,40.5,-25.71429,-2914.479736328125
506,40.5,-15.42857,-5321.3642578125
507,40.5,-5.14286,1532.173950195312
508,40.5,5.14286,-2766.994140625
509,40.5,15.42857,757.1926879882812
510,40.5,25.71429,32.84280395507812
511,40.5,36.0,870.61669921875
512,40.5,46.28571,1169.962890625
513,40.5,56.57143,93.6227035522461
514,40.5,66.85714,1299.103393554688
515,40.5,77.14286,2985.841064453125
516,40.5,87.42857,866.5947265625
517,40.5,97.71429,1281.433715820312
518,40.5,108.0,1167.47998046875
519,40.5,118.28571,409.5453491210938
520,40.5,128.57143,656.9124755859375
521,40.5,138.85714,-3059.731689453125
522,40.5,149.14286,-5301.888671875
523,40.5,159.42857,-5608.34375
524,40.5,169.71429,-5610.06591796875
525,49.5,-174.85714,-5289.7529296875
526,49.5,-164.57143,-5057.87939453125
527,49.5,-154.28571,-4871.40185546875
528,49.5,-144.0,-4217.134765625
529,49.5,-133.71429,-3207.7470703125
530,49.5,-123.42857,172.5418701171875
531,49.5,-113.14286,1032.068969726562
532,49.5,-102.85714,598.5999145507812
533,49.5,-92.57143,400.188720703125
534,49.5,-82.28571,230.2001647949219
535,49.5,-72.0,269.0400085449219
536,49.5,-61.71429,-183.9767456054688
537,49.5,-51.42857,-288.2287292480469
538,49.5,-41.14286,-4417.109375
539,49.5,-30.85714,-3548.881103515625
540,49.5,-20.57143,-3954.407470703125
541,49.5,-10.28571,-103.6387405395508
542,49.5,0.0,-14.80000019073486
543,49.5,10.28571,385.6754150390625
544,49.5,20.57143,820.23046875
545,49.5,30.85714,191.1540069580078
546,49.5,41.14286,124.2856826782227
547,49.5,51.42857,3.742886304855347
548,49.5,61.71429,169.3935394287109
549,49.5,72.0,452.8800048828125
550,49.5,82.28571,863.19580078125
551,49.5,92.57143,1543.057373046875
552,49.5,102.85714,1370.234008789062
553,49.5,113.14286,1000.08740234375
554,49.5,123.42857,410.4171142578125
555,49.5,133.71429,329.7552490234375
556,49.5,144.0,283.2000122070312
557,49.5,154.28571,-799.4423828125
558,49.5,164.57143,-5528.9775390625
559,49.5,174.85714,-4061.5712890625
560,58.5,-180.0,-3705.199951171875
561,58.5,-169.71429,-69.3199691772461
562,58.5,-159.42857,-12.95422267913818
563,58.5,-149.14286,-120.1316833496094
564,58.5,-138.85714,-99.63199615478516
565,58.5,-128.57143,1513.827270507812
566,58.5,-118.28571,393.6689453125
567,58.5,-108.0,450.7200012207031
568,58.5,-97.71429,309.8001708984375
569,58.5,-87.42857,-175.9486846923828
570,58.5,-77.14286,111.0289535522461
571,58.5,-66.85714,9.716760635375977
572,58.5,-56.57143,-3080.4853515625
573,58.5,-46.28571,-2565.11181640625
574,58.5,-36.0,-2984.288330078125
575,58.5,-25.71429,-2636.82666015625
576,58.5,-15.42857,-1137.742553710938
577,58.5,-5.14286,1.376107692718506
578,58.5,5.14286,-277.8856811523438
579,58.5,15.42857,81.44273376464844
580,58.5,25.71429,59.59938430786133
581,58.5,36.0,150.0800018310547
582,58.5,46.28571,160.0222015380859
583,58.5,56.57143,189.4969787597656
584,58.5,66.85714,58.32013702392578
585,58.5,77.14286,111.8571853637695
586,58.5,87.42857,163.7941589355469
587,58.5,97.71429,233.8725280761719
588,58.5,108.0,512.2000122070312
589,58.5,118.28571,433.2621459960938
590,58.5,128.57143,542.0289306640625
591,58.5,138.85714,592.4805908203125
592,58.5,149.14286,-124.3600921630859
593,58.5,159.42857,88.0276107788086
594,58.5,169.71429,-2269.01123046875
595,67.5,-174.85714,-16.14310646057129
596,67.5,-164.57143,-25.96636772155762
597,67.5,-154.28571,1265.496459960938
598,67.5,-144.0,537.8170166015625
599,67.5,-133.71429,85.42784118652344
600,67.5,-123.42857,338.1714172363281
601,67.5,-113.14286,372.8568115234375
602,67.5,-102.85714,65.28579711914062
603,67.5,-92.57143,322.3141479492188
604,67.5,-82.28571,239.7439727783203
605,67.5,-72.0,29.0
606,67.5,-61.71429,-393.3608703613281
607,67.5,-51.42857,461.2850036621094
608,67.5,-41.14286,2485.91455078125
609,67.5,-30.85714,-523.8197631835938
610,67.5,-20.57143,-382.1581420898438
611,67.5,-10.28571,-1787.803588867188
612,67.5,0.0,-3698.597412109375
613,67.5,10.28571,-219.7055816650391
614,67.5,20.57143,499.3706665039062
615,67.5,30.85714,179.8286437988281
616,67.5,41.14286,-19.28083610534668
617,67.5,51.42857,41.0
618,67.5,61.71429,160.8285217285156
619,67.5,72.0,8.600000381469727
620,67.5,82.28571,38.08591079711914
621,67.5,92.57143,325.3223876953125
622,67.5,102.85714,353.8595581054688
623,67.5,113.14286,326.6788635253906
624,67.5,123.42857,84.74215698242188
625,67.5,133.71429,277.7694396972656
626,67.5,144.0,90.19999694824219
627,67.5,154.28571,49.00136566162109
628,67.5,164.57143,431.9148864746094
629,67.5,174.85714,847.8316040039062
630,76.5,-180.0,-1149.0
631,76.5,-169.71429,-2198.149169921875
632,76.5,-159.42857,-2126.613525390625
633,76.5,-149.14286,-3830.324951171875
634,76.5,-138.85714,-3684.582275390625
635,76.5,-128.57143,-2078.47021484375
636,76.5,-118.28571,-97.67301940917969
637,76.5,-108.0,-147.5446319580078
638,76.5,-97.71429,3.574080944061279
639,76.5,-87.42857,191.0019836425781
640,76.5,-77.14286,-275.2787780761719
641,76.5,-66.85714,845.8289794921875
642,76.5,-56.57143,1774.096923828125
643,76.5,-46.28571,2722.9658203125
644,76.5,-36.0,2512.719970703125
645,76.5,-25.71429,2033.24951171875
646,76.5,-15.42857,-246.0847320556641
647,76.5,-5.14286,-2305.93798828125
648,76.5,5.14286,-2512.597412109375
649,76.5,15.42857,-147.9636383056641
650,76.5,25.71429,-54.1850700378418
651,76.5,36.0,-258.0306701660156
652,76.5,46.28571,-243.4627227783203
653,76.5,56.57143,-105.6418838500977
654,76.5,66.85714,624.0501098632812
655,76.5,77.14286,-91.72480773925781
656,76.5,87.42857,-40.33195495605469
657,76.5,97.71429,-35.62142944335938
658,76.5,108.0,136.5058441162109
659,76.5,118.28571,-48.0880012512207
660,76.5,128.57143,-55.77702331542969
661,76.5,138.85714,-20.00093078613281
662,76.5,149.14286,-41.4842414855957
663,76.5,159.42857,-59.69107437133789
664,76.5,169.71429,-246.6892547607422
665,85.5,-174.85714,-2612.072998046875
666,85.5,-164.57143,-2233.734375
667,85.5,-154.28571,-2162.568359375
668,85.5,-144.0,-2246.43896484375
669,85.5,-133.71429,-1709.040649414062
670,85.5,-123.42857,-1674.491088867188
671,85.5,-113.14286,-1102.593139648438
672,85.5,-102.85714,-1561.81591796875
673,85.5,-92.57143,-1770.61474609375
674,85.5,-82.28571,-1998.098388671875
675,85.5,-72.0,-1366.292358398438
676,85.5,-61.71429,-396.3475646972656
677,85.5,-51.42857,-1446.315795898438
678,85.5,-41.14286,-2858.7744140625
679,85.5,-30.85714,-2464.03369140625
680,85.5,-20.57143,-2605.89306640625
681,85.5,-10.28571,-3676.59375
682,85.5,0.0,-4068.731689453125
683,85.5,10.28571,-3356.716552734375
684,85.5,20.57143,-1790.3037109375
685,85.5,30.85714,-3646.459228515625
686,85.5,41.14286,-3880.50927734375
687,85.5,51.42857,-3877.3408203125
688,85.5,61.71429,-3819.3134765625
689,85.5,72.0,-3774.202392578125
690,85.5,82.28571,-3776.2861328125
691,85.5,92.57143,-3362.748291015625
692,85.5,102.85714,-3889.67236328125
693,85.5,113.14286,-4191.5732421875
694,85.5,123.42857,-4287.17724609375
695,85.5,133.71429,-4211.4560546875
696,85.5,144.0,-2600.880126953125
697,85.5,154.28571,-1811.369384765625
698,85.5,164.57143,-3664.14990234375
699,85.5,174.85714,-2578.85986328125
